{"cameraMode":{"drawMode":0,"name":"Shaded","section":"Shading Mode"},"sceneLighting":false,"audioPlay":false,"sceneViewState":{"showFog":true,"showMaterialUpdate":false,"showSkybox":false,"showFlares":true,"showImageEffects":true,"showParticleSystems":true},"in2DMode":false,"pivot":{"x":409.9594421386719,"y":161.58506774902345,"z":-121.6056137084961},"rotation":{"x":-0.06900149583816529,"y":-0.9292041063308716,"z":0.28500762581825259,"w":-0.22501955926418305},"size":951.0115356445313,"orthographic":false}